"Species","PlantNumber","Year","Date","Latitude","Longitude","Site","Yday","sp_ind_per_year","nIndividuals","obs_check"
"Quercus palustris","1038-65*1",2018,"2018-05-11",41.8164,-88.0549,"Morton",131,11,11,1
"Quercus marilandica","1134-2004*5",2018,"2018-05-09",41.8164,-88.0549,"Morton",129,10,10,1
"Quercus palustris","1164-22*5",2018,"2018-05-11",41.8164,-88.0549,"Morton",131,11,11,1
"Quercus palustris","1164-22*6",2018,"2018-05-11",41.8164,-88.0549,"Morton",131,11,11,1
"Quercus coccinea","1173-2004*4",2018,"2018-05-10",41.8164,-88.0549,"Morton",130,3,3,1
"Quercus coccinea","1173-2004*5",2018,"2018-05-10",41.8164,-88.0549,"Morton",130,3,3,1
"Quercus imbricaria","1183-2004*1",2018,"2018-05-09",41.8164,-88.0549,"Morton",129,5,5,1
"Quercus imbricaria","1183-2004*2",2018,"2018-05-09",41.8164,-88.0549,"Morton",129,5,5,1
"Quercus palustris","1186-2004*1",2018,"2018-05-09",41.8164,-88.0549,"Morton",129,11,11,1
"Quercus palustris","1186-2004*2",2018,"2018-05-09",41.8164,-88.0549,"Morton",129,11,11,1
"Quercus palustris","1186-2004*3",2018,"2018-05-09",41.8164,-88.0549,"Morton",129,11,11,1
"Quercus macrocarpa","1261-26*1",2018,"2018-05-02",41.8164,-88.0549,"Morton",122,23,24,1
"Quercus macrocarpa","1261-26*2",2018,"2018-05-07",41.8164,-88.0549,"Morton",127,23,24,1
"Quercus palustris","13-35*1",2018,"2018-05-02",41.8164,-88.0549,"Morton",122,11,11,1
"Quercus macrocarpa","132-2015*1",2018,"2018-05-11",41.8164,-88.0549,"Morton",131,23,24,1
"Quercus alba","134-U*6",2018,"2018-05-10",41.8164,-88.0549,"Morton",130,10,10,1
"Quercus alba","134-U*60",2018,"2018-05-04",41.8164,-88.0549,"Morton",124,10,10,1
"Quercus alba","134-U*61",2018,"2018-05-04",41.8164,-88.0549,"Morton",124,10,10,1
"Quercus alba","134-U*66",2018,"2018-05-10",41.8164,-88.0549,"Morton",130,10,10,1
"Quercus alba","134-U*67",2018,"2018-05-10",41.8164,-88.0549,"Morton",130,10,10,1
"Quercus macrocarpa","138-U*4",2018,"2018-05-10",41.8164,-88.0549,"Morton",130,23,24,1
"Quercus macrocarpa","138-U*6",2018,"2018-05-07",41.8164,-88.0549,"Morton",127,23,24,1
"Quercus macrocarpa","138-U*7",2018,"2018-05-12",41.8164,-88.0549,"Morton",132,23,24,1
"Quercus palustris","139-U*3",2018,"2018-05-11",41.8164,-88.0549,"Morton",131,11,11,1
"Quercus montana","140-U*1",2018,"2018-05-11",41.8164,-88.0549,"Morton",131,10,10,1
"Quercus gambelii","145-75*1",2018,"2018-05-09",41.8164,-88.0549,"Morton",129,4,4,1
"Quercus gambelii","145-75*2",2018,"2018-05-09",41.8164,-88.0549,"Morton",129,4,4,1
"Quercus gambelii","145-75*8",2018,"2018-05-09",41.8164,-88.0549,"Morton",129,4,4,1
"Quercus palustris","1484-35*1",2018,"2018-05-09",41.8164,-88.0549,"Morton",129,11,11,1
"Quercus imbricaria","1512-35*2",2018,"2018-05-12",41.8164,-88.0549,"Morton",132,5,5,1
"Quercus imbricaria","1512-35*3",2018,"2018-05-06",41.8164,-88.0549,"Morton",126,5,5,1
"Quercus shumardii","1513-35*1",2018,"2018-05-11",41.8164,-88.0549,"Morton",131,7,9,1
"Quercus shumardii","1513-35*4",2018,"2018-05-07",41.8164,-88.0549,"Morton",127,7,9,1
"Quercus shumardii","1513-35*5",2018,"2018-05-06",41.8164,-88.0549,"Morton",126,7,9,1
"Quercus macrocarpa","1516-35*1",2018,"2018-05-02",41.8164,-88.0549,"Morton",122,23,24,1
"Quercus lyrata","179-95*1",2018,"2018-05-15",41.8164,-88.0549,"Morton",135,2,3,1
"Quercus velutina","185-92*2",2018,"2018-05-07",41.8164,-88.0549,"Morton",127,4,4,1
"Quercus velutina","185-92*4",2018,"2018-05-04",41.8164,-88.0549,"Morton",124,4,4,1
"Quercus velutina","185-92*5",2018,"2018-05-04",41.8164,-88.0549,"Morton",124,4,4,1
"Quercus ellipsoidalis","204-92*1",2018,"2018-05-10",41.8164,-88.0549,"Morton",130,6,6,1
"Quercus ellipsoidalis","204-92*2",2018,"2018-05-10",41.8164,-88.0549,"Morton",130,6,6,1
"Quercus ellipsoidalis","204-92*3",2018,"2018-05-07",41.8164,-88.0549,"Morton",127,6,6,1
"Quercus ellipsoidalis","204-92*4",2018,"2018-05-04",41.8164,-88.0549,"Morton",124,6,6,1
"Quercus stellata","210-91*2",2018,"2018-06-11",41.8164,-88.0549,"Morton",162,5,5,1
"Quercus stellata","210-91*3",2018,"2018-06-11",41.8164,-88.0549,"Morton",162,5,5,1
"Quercus stellata","212-91*1",2018,"2018-05-07",41.8164,-88.0549,"Morton",127,5,5,1
"Quercus stellata","212-91*2",2018,"2018-05-07",41.8164,-88.0549,"Morton",127,5,5,1
"Quercus stellata","212-91*3",2018,"2018-05-07",41.8164,-88.0549,"Morton",127,5,5,1
"Quercus bicolor","214-91*1",2018,"2018-05-12",41.8164,-88.0549,"Morton",132,4,6,1
"Quercus bicolor","214-91*2",2018,"2018-05-07",41.8164,-88.0549,"Morton",127,4,6,1
"Quercus bicolor","214-91*3",2018,"2018-05-07",41.8164,-88.0549,"Morton",127,4,6,1
"Quercus muehlenbergii","215-91*1",2018,"2018-05-06",41.8164,-88.0549,"Morton",126,9,9,1
"Quercus muehlenbergii","215-91*2",2018,"2018-05-06",41.8164,-88.0549,"Morton",126,9,9,1
"Quercus alba","239-42*2",2018,"2018-05-09",41.8164,-88.0549,"Morton",129,10,10,1
"Quercus macrocarpa","2390-26*1",2018,"2018-05-10",41.8164,-88.0549,"Morton",130,23,24,1
"Quercus macrocarpa","2390-26*2",2018,"2018-05-17",41.8164,-88.0549,"Morton",137,23,24,1
"Quercus montana","256-42*1",2018,"2018-05-06",41.8164,-88.0549,"Morton",126,10,10,1
"Quercus marilandica","258-95*1",2018,"2018-05-07",41.8164,-88.0549,"Morton",127,10,10,1
"Quercus ilicifolia","260-93*1",2018,"2018-05-10",41.8164,-88.0549,"Morton",130,2,2,1
"Quercus ilicifolia","260-93*2",2018,"2018-05-10",41.8164,-88.0549,"Morton",130,2,2,1
"Quercus rubra","292-64*1",2018,"2018-05-26",41.8164,-88.0549,"Morton",146,4,4,1
"Quercus macrocarpa","297-2002*1",2018,"2018-05-10",41.8164,-88.0549,"Morton",130,23,24,1
"Quercus alba","304-94*1",2018,"2018-05-12",41.8164,-88.0549,"Morton",132,10,10,1
"Quercus alba","304-94*2",2018,"2018-05-06",41.8164,-88.0549,"Morton",126,10,10,1
"Quercus marilandica","305-94*1",2018,"2018-05-07",41.8164,-88.0549,"Morton",127,10,10,1
"Quercus marilandica","305-94*2",2018,"2018-05-04",41.8164,-88.0549,"Morton",124,10,10,1
"Quercus marilandica","305-94*3",2018,"2018-05-11",41.8164,-88.0549,"Morton",131,10,10,1
"Quercus marilandica","305-94*4",2018,"2018-05-11",41.8164,-88.0549,"Morton",131,10,10,1
"Quercus prinoides","326-99*2",2018,"2018-05-10",41.8164,-88.0549,"Morton",130,12,12,1
"Quercus rubra","354-37*1",2018,"2018-05-02",41.8164,-88.0549,"Morton",122,4,4,1
"Quercus marilandica","362-96*2",2018,"2018-05-04",41.8164,-88.0549,"Morton",124,10,10,1
"Quercus marilandica","362-96*7",2018,"2018-05-06",41.8164,-88.0549,"Morton",126,10,10,1
"Quercus marilandica","362-96*8",2018,"2018-05-06",41.8164,-88.0549,"Morton",126,10,10,1
"Quercus marilandica","362-96*9",2018,"2018-05-12",41.8164,-88.0549,"Morton",132,10,10,1
"Quercus prinoides","365-2007*3",2018,"2018-05-11",41.8164,-88.0549,"Morton",131,12,12,1
"Quercus prinoides","365-2007*4",2018,"2018-05-11",41.8164,-88.0549,"Morton",131,12,12,1
"Quercus prinoides","365-2007*7",2018,"2018-05-31",41.8164,-88.0549,"Morton",151,12,12,1
"Quercus prinoides","365-2007*8",2018,"2018-05-11",41.8164,-88.0549,"Morton",131,12,12,1
"Quercus macrocarpa","4-35*1",2018,"2018-05-07",41.8164,-88.0549,"Morton",127,23,24,1
"Quercus coccinea","435-2004*1",2018,"2018-05-04",41.8164,-88.0549,"Morton",124,3,3,1
"Quercus ellipsoidalis","437-2004*2",2018,"2018-05-02",41.8164,-88.0549,"Morton",122,6,6,1
"Quercus ellipsoidalis","437-2004*3",2018,"2018-05-02",41.8164,-88.0549,"Morton",122,6,6,1
"Quercus montana","465-37*1",2018,"2018-05-02",41.8164,-88.0549,"Morton",122,10,10,1
"Quercus michauxii","476-42*1",2018,"2018-05-15",41.8164,-88.0549,"Morton",135,4,4,1
"Quercus georgiana","49-2002*1",2018,"2018-05-14",41.8164,-88.0549,"Morton",134,4,4,1
"Quercus georgiana","49-2002*3",2018,"2018-05-13",41.8164,-88.0549,"Morton",133,4,4,1
"Quercus georgiana","49-2002*4",2018,"2018-05-13",41.8164,-88.0549,"Morton",133,4,4,1
"Quercus georgiana","49-2002*5",2018,"2018-05-04",41.8164,-88.0549,"Morton",124,4,4,1
"Quercus velutina","50-2004*1",2018,"2018-05-10",41.8164,-88.0549,"Morton",130,4,4,1
"Quercus bicolor","513-25*1",2018,"2018-05-11",41.8164,-88.0549,"Morton",131,4,6,1
"Quercus lyrata","517-2000*2",2018,"2018-05-25",41.8164,-88.0549,"Morton",145,2,3,1
"Quercus imbricaria","523-32*1",2018,"2018-05-07",41.8164,-88.0549,"Morton",127,5,5,1
"Quercus muehlenbergii","528-99*1",2018,"2018-05-10",41.8164,-88.0549,"Morton",130,9,9,1
"Quercus michauxii","539-96*3",2018,"2018-05-09",41.8164,-88.0549,"Morton",129,4,4,1
"Quercus shumardii","540-96*2",2018,"2018-05-10",41.8164,-88.0549,"Morton",130,7,9,1
"Quercus shumardii","540-96*3",2018,"2018-05-04",41.8164,-88.0549,"Morton",124,7,9,1
"Quercus shumardii","540-96*4",2018,"2018-05-04",41.8164,-88.0549,"Morton",124,7,9,1
"Quercus gambelii","556-32*1",2018,"2018-05-14",41.8164,-88.0549,"Morton",134,4,4,1
"Quercus palustris","573-40*7",2018,"2018-05-09",41.8164,-88.0549,"Morton",129,11,11,1
"Quercus palustris","573-40*8",2018,"2018-05-09",41.8164,-88.0549,"Morton",129,11,11,1
"Quercus shumardii","575-40*2",2018,"2018-05-11",41.8164,-88.0549,"Morton",131,7,9,1
"Quercus montana","602-2000*1",2018,"2018-05-11",41.8164,-88.0549,"Morton",131,10,10,1
"Quercus montana","602-2000*2",2018,"2018-05-11",41.8164,-88.0549,"Morton",131,10,10,1
"Quercus montana","602-2000*3",2018,"2018-05-11",41.8164,-88.0549,"Morton",131,10,10,1
"Quercus montana","606-2000*2",2018,"2018-05-10",41.8164,-88.0549,"Morton",130,10,10,1
"Quercus montana","606-2000*3",2018,"2018-05-10",41.8164,-88.0549,"Morton",130,10,10,1
"Quercus montana","606-2000*4",2018,"2018-05-10",41.8164,-88.0549,"Morton",130,10,10,1
"Quercus rubra","64-92*1",2018,"2018-05-10",41.8164,-88.0549,"Morton",130,4,4,1
"Quercus michauxii","645-48*1",2018,"2018-05-11",41.8164,-88.0549,"Morton",131,4,4,1
"Quercus muehlenbergii","65-92*1",2018,"2018-05-10",41.8164,-88.0549,"Morton",130,9,9,1
"Quercus muehlenbergii","65-92*2",2018,"2018-05-10",41.8164,-88.0549,"Morton",130,9,9,1
"Quercus montana","657-33*1",2018,"2018-05-04",41.8164,-88.0549,"Morton",124,10,10,1
"Quercus muehlenbergii","661-32*1",2018,"2018-05-11",41.8164,-88.0549,"Morton",131,9,9,1
"Quercus alba","684-33*1",2018,"2018-05-10",41.8164,-88.0549,"Morton",130,10,10,1
"Quercus macrocarpa","696-2006*4",2018,"2018-05-11",41.8164,-88.0549,"Morton",131,23,24,1
"Quercus macrocarpa","696-2006*7",2018,"2018-05-09",41.8164,-88.0549,"Morton",129,23,24,1
"Quercus macrocarpa","696-2006*8",2018,"2018-05-09",41.8164,-88.0549,"Morton",129,23,24,1
"Quercus macrocarpa","696-2006*9",2018,"2018-05-09",41.8164,-88.0549,"Morton",129,23,24,1
"Quercus pagoda","700-46*1",2018,"2018-04-30",41.8164,-88.0549,"Morton",120,2,2,1
"Quercus pagoda","700-46*2",2018,"2018-05-07",41.8164,-88.0549,"Morton",127,2,2,1
"Quercus macrocarpa","702-2006*1",2018,"2018-05-09",41.8164,-88.0549,"Morton",129,23,24,1
"Quercus macrocarpa","702-2006*2",2018,"2018-05-09",41.8164,-88.0549,"Morton",129,23,24,1
"Quercus macrocarpa","704-2006*1",2018,"2018-05-09",41.8164,-88.0549,"Morton",129,23,24,1
"Quercus muehlenbergii","704-46*2",2018,"2018-05-06",41.8164,-88.0549,"Morton",126,9,9,1
"Quercus muehlenbergii","704-46*3",2018,"2018-05-06",41.8164,-88.0549,"Morton",126,9,9,1
"Quercus muehlenbergii","704-46*4",2018,"2018-05-06",41.8164,-88.0549,"Morton",126,9,9,1
"Quercus prinoides","742-51*1",2018,"2018-05-10",41.8164,-88.0549,"Morton",130,12,12,1
"Quercus prinoides","742-51*2",2018,"2018-05-10",41.8164,-88.0549,"Morton",130,12,12,1
"Quercus prinoides","742-51*4",2018,"2018-05-10",41.8164,-88.0549,"Morton",130,12,12,1
"Quercus macrocarpa","752-34*2",2018,"2018-05-07",41.8164,-88.0549,"Morton",127,23,24,1
"Quercus macrocarpa","752-34*4",2018,"2018-05-07",41.8164,-88.0549,"Morton",127,23,24,1
"Quercus prinoides","768-54*1",2018,"2018-05-14",41.8164,-88.0549,"Morton",134,12,12,1
"Quercus prinoides","768-54*2",2018,"2018-05-10",41.8164,-88.0549,"Morton",130,12,12,1
"Quercus prinoides","768-54*4",2018,"2018-05-14",41.8164,-88.0549,"Morton",134,12,12,1
"Quercus prinoides","768-54*5",2018,"2018-05-22",41.8164,-88.0549,"Morton",142,12,12,1
"Quercus macrocarpa","808-51*1",2018,"2018-05-07",41.8164,-88.0549,"Morton",127,23,24,1
"Quercus alba","862-34*1",2018,"2018-05-02",41.8164,-88.0549,"Morton",122,10,10,1
"Quercus macrocarpa","138-U*14",2018,"2018-05-28",41.8164,-88.0549,"Morton",148,23,24,1
"Quercus macrocarpa","2390-26 *1",2018,"2018-05-07",41.8164,-88.0549,"Morton",127,23,24,1
"Quercus rubra","466-37*1",2018,"2018-05-04",41.8164,-88.0549,"Morton",124,4,4,1
"Quercus michauxii","539-96*5",2018,"2018-06-06",41.8164,-88.0549,"Morton",157,4,4,1
"Quercus palustris","1038-65*1",2019,"2019-04-29",41.8164,-88.0549,"Morton",119,11,11,1
"Quercus lyrata","1133-2004*1",2019,"2019-05-13",41.8164,-88.0549,"Morton",133,3,3,1
"Quercus marilandica","1134-2004*5",2019,"2019-05-12",41.8164,-88.0549,"Morton",132,10,10,1
"Quercus palustris","1164-22*5",2019,"2019-05-06",41.8164,-88.0549,"Morton",126,11,11,1
"Quercus palustris","1164-22*6",2019,"2019-04-29",41.8164,-88.0549,"Morton",119,11,11,1
"Quercus coccinea","1173-2004*4",2019,"2019-05-06",41.8164,-88.0549,"Morton",126,3,3,1
"Quercus coccinea","1173-2004*5",2019,"2019-05-06",41.8164,-88.0549,"Morton",126,3,3,1
"Quercus imbricaria","1183-2004*1",2019,"2019-05-13",41.8164,-88.0549,"Morton",133,5,5,1
"Quercus imbricaria","1183-2004*2",2019,"2019-05-13",41.8164,-88.0549,"Morton",133,5,5,1
"Quercus palustris","1186-2004*1",2019,"2019-05-02",41.8164,-88.0549,"Morton",122,11,11,1
"Quercus palustris","1186-2004*2",2019,"2019-05-02",41.8164,-88.0549,"Morton",122,11,11,1
"Quercus palustris","1186-2004*3",2019,"2019-05-02",41.8164,-88.0549,"Morton",122,11,11,1
"Quercus bicolor","12-2004*2",2019,"2019-04-29",41.8164,-88.0549,"Morton",119,6,6,1
"Quercus bicolor","12-2004*3",2019,"2019-04-29",41.8164,-88.0549,"Morton",119,6,6,1
"Quercus macrocarpa","1261-26*1",2019,"2019-04-24",41.8164,-88.0549,"Morton",114,24,24,1
"Quercus macrocarpa","1261-26*2",2019,"2019-05-06",41.8164,-88.0549,"Morton",126,24,24,1
"Quercus palustris","13-35*1",2019,"2019-04-29",41.8164,-88.0549,"Morton",119,11,11,1
"Quercus macrocarpa","132-2015*1",2019,"2019-05-06",41.8164,-88.0549,"Morton",126,24,24,1
"Quercus alba","134-U*6",2019,"2019-04-29",41.8164,-88.0549,"Morton",119,10,10,1
"Quercus alba","134-U*60",2019,"2019-04-24",41.8164,-88.0549,"Morton",114,10,10,1
"Quercus alba","134-U*61",2019,"2019-04-24",41.8164,-88.0549,"Morton",114,10,10,1
"Quercus alba","134-U*66",2019,"2019-04-29",41.8164,-88.0549,"Morton",119,10,10,1
"Quercus alba","134-U*67",2019,"2019-05-08",41.8164,-88.0549,"Morton",128,10,10,1
"Quercus macrocarpa","138-U*1",2019,"2019-04-29",41.8164,-88.0549,"Morton",119,24,24,1
"Quercus macrocarpa","138-U*4",2019,"2019-04-22",41.8164,-88.0549,"Morton",112,24,24,1
"Quercus macrocarpa","138-U*6",2019,"2019-04-24",41.8164,-88.0549,"Morton",114,24,24,1
"Quercus macrocarpa","138-U*7",2019,"2019-05-06",41.8164,-88.0549,"Morton",126,24,24,1
"Quercus palustris","139-U*3",2019,"2019-04-29",41.8164,-88.0549,"Morton",119,11,11,1
"Quercus montana","140-U*1",2019,"2019-05-13",41.8164,-88.0549,"Morton",133,10,10,1
"Quercus gambelii","145-75*1",2019,"2019-04-29",41.8164,-88.0549,"Morton",119,4,4,1
"Quercus gambelii","145-75*2",2019,"2019-04-29",41.8164,-88.0549,"Morton",119,4,4,1
"Quercus gambelii","145-75*8",2019,"2019-04-29",41.8164,-88.0549,"Morton",119,4,4,1
"Quercus palustris","1484-35*1",2019,"2019-04-29",41.8164,-88.0549,"Morton",119,11,11,1
"Quercus imbricaria","1512-35*2",2019,"2019-02-07",41.8164,-88.0549,"Morton",38,5,5,1
"Quercus imbricaria","1512-35*3",2019,"2019-05-06",41.8164,-88.0549,"Morton",126,5,5,1
"Quercus shumardii","1513-35*1",2019,"2019-04-29",41.8164,-88.0549,"Morton",119,9,9,1
"Quercus shumardii","1513-35*4",2019,"2019-05-06",41.8164,-88.0549,"Morton",126,9,9,1
"Quercus shumardii","1513-35*5",2019,"2019-05-06",41.8164,-88.0549,"Morton",126,9,9,1
"Quercus macrocarpa","1516-35*1",2019,"2019-04-29",41.8164,-88.0549,"Morton",119,24,24,1
"Quercus shumardii","1516-35*4",2019,"2019-10-02",41.8164,-88.0549,"Morton",275,9,9,1
"Quercus shumardii","1516-35*5",2019,"2019-10-02",41.8164,-88.0549,"Morton",275,9,9,1
"Quercus lyrata","179-95*1",2019,"2019-05-28",41.8164,-88.0549,"Morton",148,3,3,1
"Quercus velutina","185-92*2",2019,"2019-04-30",41.8164,-88.0549,"Morton",120,4,4,1
"Quercus velutina","185-92*4",2019,"2019-04-30",41.8164,-88.0549,"Morton",120,4,4,1
"Quercus velutina","185-92*5",2019,"2019-04-30",41.8164,-88.0549,"Morton",120,4,4,1
"Quercus ellipsoidalis","204-92*1",2019,"2019-05-13",41.8164,-88.0549,"Morton",133,6,6,1
"Quercus ellipsoidalis","204-92*2",2019,"2019-05-01",41.8164,-88.0549,"Morton",121,6,6,1
"Quercus ellipsoidalis","204-92*3",2019,"2019-04-24",41.8164,-88.0549,"Morton",114,6,6,1
"Quercus ellipsoidalis","204-92*4",2019,"2019-04-24",41.8164,-88.0549,"Morton",114,6,6,1
"Quercus stellata","210-91*2",2019,"2019-05-06",41.8164,-88.0549,"Morton",126,5,5,1
"Quercus stellata","210-91*3",2019,"2019-05-13",41.8164,-88.0549,"Morton",133,5,5,1
"Quercus stellata","212-91*1",2019,"2019-05-08",41.8164,-88.0549,"Morton",128,5,5,1
"Quercus stellata","212-91*2",2019,"2019-05-08",41.8164,-88.0549,"Morton",128,5,5,1
"Quercus stellata","212-91*3",2019,"2019-04-30",41.8164,-88.0549,"Morton",120,5,5,1
"Quercus bicolor","214-91*1",2019,"2019-05-15",41.8164,-88.0549,"Morton",135,6,6,1
"Quercus bicolor","214-91*2",2019,"2019-04-24",41.8164,-88.0549,"Morton",114,6,6,1
"Quercus bicolor","214-91*3",2019,"2019-04-24",41.8164,-88.0549,"Morton",114,6,6,1
"Quercus muehlenbergii","215-91*1",2019,"2019-04-29",41.8164,-88.0549,"Morton",119,9,9,1
"Quercus muehlenbergii","215-91*2",2019,"2019-04-29",41.8164,-88.0549,"Morton",119,9,9,1
"Quercus alba","239-42*2",2019,"2019-04-29",41.8164,-88.0549,"Morton",119,10,10,1
"Quercus macrocarpa","2390-26*1",2019,"2019-04-29",41.8164,-88.0549,"Morton",119,24,24,1
"Quercus macrocarpa","2390-26*2",2019,"2019-04-29",41.8164,-88.0549,"Morton",119,24,24,1
"Quercus montana","256-42*1",2019,"2019-04-29",41.8164,-88.0549,"Morton",119,10,10,1
"Quercus marilandica","258-95*1",2019,"2019-05-06",41.8164,-88.0549,"Morton",126,10,10,1
"Quercus ilicifolia","260-93*1",2019,"2019-04-29",41.8164,-88.0549,"Morton",119,2,2,1
"Quercus ilicifolia","260-93*2",2019,"2019-04-29",41.8164,-88.0549,"Morton",119,2,2,1
"Quercus rubra","292-64*1",2019,"2019-05-08",41.8164,-88.0549,"Morton",128,3,4,1
"Quercus macrocarpa","297-2002*1",2019,"2019-04-29",41.8164,-88.0549,"Morton",119,24,24,1
"Quercus alba","304-94*1",2019,"2019-05-15",41.8164,-88.0549,"Morton",135,10,10,1
"Quercus alba","304-94*2",2019,"2019-04-29",41.8164,-88.0549,"Morton",119,10,10,1
"Quercus marilandica","305-94*1",2019,"2019-04-30",41.8164,-88.0549,"Morton",120,10,10,1
"Quercus marilandica","305-94*2",2019,"2019-05-08",41.8164,-88.0549,"Morton",128,10,10,1
"Quercus marilandica","305-94*3",2019,"2019-05-08",41.8164,-88.0549,"Morton",128,10,10,1
"Quercus marilandica","305-94*4",2019,"2019-04-24",41.8164,-88.0549,"Morton",114,10,10,1
"Quercus prinoides","326-99*2",2019,"2019-05-01",41.8164,-88.0549,"Morton",121,12,12,1
"Quercus rubra","354-37*1",2019,"2019-04-29",41.8164,-88.0549,"Morton",119,3,4,1
"Quercus marilandica","362-96*2",2019,"2019-04-30",41.8164,-88.0549,"Morton",120,10,10,1
"Quercus marilandica","362-96*7",2019,"2019-05-06",41.8164,-88.0549,"Morton",126,10,10,1
"Quercus marilandica","362-96*8",2019,"2019-05-06",41.8164,-88.0549,"Morton",126,10,10,1
"Quercus marilandica","362-96*9",2019,"2019-05-06",41.8164,-88.0549,"Morton",126,10,10,1
"Quercus prinoides","365-2007*3",2019,"2019-05-08",41.8164,-88.0549,"Morton",128,12,12,1
"Quercus prinoides","365-2007*4",2019,"2019-05-08",41.8164,-88.0549,"Morton",128,12,12,1
"Quercus prinoides","365-2007*7",2019,"2019-06-11",41.8164,-88.0549,"Morton",162,12,12,1
"Quercus prinoides","365-2007*8",2019,"2019-05-08",41.8164,-88.0549,"Morton",128,12,12,1
"Quercus macrocarpa","4-35*1",2019,"2019-04-24",41.8164,-88.0549,"Morton",114,24,24,1
"Quercus coccinea","435-2004*1",2019,"2019-05-08",41.8164,-88.0549,"Morton",128,3,3,1
"Quercus ellipsoidalis","437-2004*2",2019,"2019-04-16",41.8164,-88.0549,"Morton",106,6,6,1
"Quercus ellipsoidalis","437-2004*3",2019,"2019-04-23",41.8164,-88.0549,"Morton",113,6,6,1
"Quercus montana","465-37*1",2019,"2019-04-29",41.8164,-88.0549,"Morton",119,10,10,1
"Quercus michauxii","476-42*1",2019,"2019-05-08",41.8164,-88.0549,"Morton",128,3,4,1
"Quercus georgiana","49-2002*1",2019,"2019-05-13",41.8164,-88.0549,"Morton",133,4,4,1
"Quercus georgiana","49-2002*3",2019,"2019-05-08",41.8164,-88.0549,"Morton",128,4,4,1
"Quercus georgiana","49-2002*4",2019,"2019-05-08",41.8164,-88.0549,"Morton",128,4,4,1
"Quercus georgiana","49-2002*5",2019,"2019-05-08",41.8164,-88.0549,"Morton",128,4,4,1
"Quercus velutina","50-2004*1",2019,"2019-04-29",41.8164,-88.0549,"Morton",119,4,4,1
"Quercus bicolor","513-25*1",2019,"2019-05-06",41.8164,-88.0549,"Morton",126,6,6,1
"Quercus lyrata","517-2000*2",2019,"2019-05-29",41.8164,-88.0549,"Morton",149,3,3,1
"Quercus imbricaria","523-32*1",2019,"2019-05-08",41.8164,-88.0549,"Morton",128,5,5,1
"Quercus muehlenbergii","528-99*1",2019,"2019-05-01",41.8164,-88.0549,"Morton",121,9,9,1
"Quercus michauxii","539-96*3",2019,"2019-05-13",41.8164,-88.0549,"Morton",133,3,4,1
"Quercus shumardii","540-96*2",2019,"2019-04-29",41.8164,-88.0549,"Morton",119,9,9,1
"Quercus shumardii","540-96*3",2019,"2019-04-30",41.8164,-88.0549,"Morton",120,9,9,1
"Quercus shumardii","540-96*4",2019,"2019-04-24",41.8164,-88.0549,"Morton",114,9,9,1
"Quercus gambelii","556-32*1",2019,"2019-05-01",41.8164,-88.0549,"Morton",121,4,4,1
"Quercus palustris","573-40*7",2019,"2019-04-23",41.8164,-88.0549,"Morton",113,11,11,1
"Quercus palustris","573-40*8",2019,"2019-04-23",41.8164,-88.0549,"Morton",113,11,11,1
"Quercus shumardii","575-40*2",2019,"2019-05-13",41.8164,-88.0549,"Morton",133,9,9,1
"Quercus montana","602-2000*1",2019,"2019-05-06",41.8164,-88.0549,"Morton",126,10,10,1
"Quercus montana","602-2000*2",2019,"2019-05-06",41.8164,-88.0549,"Morton",126,10,10,1
"Quercus montana","602-2000*3",2019,"2019-05-06",41.8164,-88.0549,"Morton",126,10,10,1
"Quercus montana","606-2000*2",2019,"2019-04-29",41.8164,-88.0549,"Morton",119,10,10,1
"Quercus montana","606-2000*3",2019,"2019-04-29",41.8164,-88.0549,"Morton",119,10,10,1
"Quercus montana","606-2000*4",2019,"2019-04-29",41.8164,-88.0549,"Morton",119,10,10,1
"Quercus rubra","64-92*1",2019,"2019-04-29",41.8164,-88.0549,"Morton",119,3,4,1
"Quercus michauxii","645-48*1",2019,"2019-05-13",41.8164,-88.0549,"Morton",133,3,4,1
"Quercus muehlenbergii","65-92*1",2019,"2019-04-29",41.8164,-88.0549,"Morton",119,9,9,1
"Quercus muehlenbergii","65-92*2",2019,"2019-05-06",41.8164,-88.0549,"Morton",126,9,9,1
"Quercus montana","657-33*1",2019,"2019-04-30",41.8164,-88.0549,"Morton",120,10,10,1
"Quercus muehlenbergii","661-32*1",2019,"2019-05-06",41.8164,-88.0549,"Morton",126,9,9,1
"Quercus alba","684-33*1",2019,"2019-05-01",41.8164,-88.0549,"Morton",121,10,10,1
"Quercus macrocarpa","696-2006*2",2019,"2019-05-02",41.8164,-88.0549,"Morton",122,24,24,1
"Quercus macrocarpa","696-2006*4",2019,"2019-05-06",41.8164,-88.0549,"Morton",126,24,24,1
"Quercus macrocarpa","696-2006*5",2019,"2019-05-13",41.8164,-88.0549,"Morton",133,24,24,1
"Quercus macrocarpa","696-2006*7",2019,"2019-05-30",41.8164,-88.0549,"Morton",150,24,24,1
"Quercus macrocarpa","696-2006*8",2019,"2019-05-12",41.8164,-88.0549,"Morton",132,24,24,1
"Quercus macrocarpa","696-2006*9",2019,"2019-05-03",41.8164,-88.0549,"Morton",123,24,24,1
"Quercus pagoda","700-46*1",2019,"2019-05-21",41.8164,-88.0549,"Morton",141,2,2,1
"Quercus pagoda","700-46*2",2019,"2019-05-21",41.8164,-88.0549,"Morton",141,2,2,1
"Quercus macrocarpa","702-2006*1",2019,"2019-05-02",41.8164,-88.0549,"Morton",122,24,24,1
"Quercus macrocarpa","702-2006*2",2019,"2019-05-03",41.8164,-88.0549,"Morton",123,24,24,1
"Quercus macrocarpa","704-2006*1",2019,"2019-05-03",41.8164,-88.0549,"Morton",123,24,24,1
"Quercus muehlenbergii","704-46*2",2019,"2019-05-06",41.8164,-88.0549,"Morton",126,9,9,1
"Quercus muehlenbergii","704-46*3",2019,"2019-05-06",41.8164,-88.0549,"Morton",126,9,9,1
"Quercus muehlenbergii","704-46*4",2019,"2019-05-06",41.8164,-88.0549,"Morton",126,9,9,1
"Quercus prinoides","742-51*1",2019,"2019-05-10",41.8164,-88.0549,"Morton",130,12,12,1
"Quercus prinoides","742-51*2",2019,"2019-05-10",41.8164,-88.0549,"Morton",130,12,12,1
"Quercus prinoides","742-51*4",2019,"2019-05-01",41.8164,-88.0549,"Morton",121,12,12,1
"Quercus macrocarpa","752-34*2",2019,"2019-05-06",41.8164,-88.0549,"Morton",126,24,24,1
"Quercus macrocarpa","752-34*4",2019,"2019-05-06",41.8164,-88.0549,"Morton",126,24,24,1
"Quercus prinoides","768-54*1",2019,"2019-05-28",41.8164,-88.0549,"Morton",148,12,12,1
"Quercus prinoides","768-54*2",2019,"2019-05-10",41.8164,-88.0549,"Morton",130,12,12,1
"Quercus prinoides","768-54*4",2019,"2019-05-10",41.8164,-88.0549,"Morton",130,12,12,1
"Quercus prinoides","768-54*5",2019,"2019-05-28",41.8164,-88.0549,"Morton",148,12,12,1
"Quercus macrocarpa","808-51*1",2019,"2019-04-24",41.8164,-88.0549,"Morton",114,24,24,1
"Quercus alba","862-34*1",2019,"2019-04-29",41.8164,-88.0549,"Morton",119,10,10,1
