"species","individual_id","year","date","genus","yday","latitude","longitude","site"
"palustris","1038-65*1",2018,2018-05-11,"Quercus",131,41.8164,-88.0549,"Morton"
"marilandica","1134-2004*5",2018,2018-05-09,"Quercus",129,41.8164,-88.0549,"Morton"
"palustris","1164-22*5",2018,2018-05-11,"Quercus",131,41.8164,-88.0549,"Morton"
"palustris","1164-22*6",2018,2018-05-11,"Quercus",131,41.8164,-88.0549,"Morton"
"imbricaria","1183-2004*1",2018,2018-05-09,"Quercus",129,41.8164,-88.0549,"Morton"
"imbricaria","1183-2004*2",2018,2018-05-09,"Quercus",129,41.8164,-88.0549,"Morton"
"palustris","1186-2004*1",2018,2018-05-09,"Quercus",129,41.8164,-88.0549,"Morton"
"palustris","1186-2004*2",2018,2018-05-09,"Quercus",129,41.8164,-88.0549,"Morton"
"palustris","1186-2004*3",2018,2018-05-09,"Quercus",129,41.8164,-88.0549,"Morton"
"macrocarpa","1261-26*1",2018,2018-06-12,"Quercus",163,41.8164,-88.0549,"Morton"
"macrocarpa","1261-26*2",2018,2018-05-07,"Quercus",127,41.8164,-88.0549,"Morton"
"palustris","13-35*1",2018,2018-05-02,"Quercus",122,41.8164,-88.0549,"Morton"
"macrocarpa","132-2015*1",2018,2018-05-11,"Quercus",131,41.8164,-88.0549,"Morton"
"alba","134-U*6",2018,2018-05-10,"Quercus",130,41.8164,-88.0549,"Morton"
"alba","134-U*60",2018,2018-05-04,"Quercus",124,41.8164,-88.0549,"Morton"
"alba","134-U*61",2018,2018-05-04,"Quercus",124,41.8164,-88.0549,"Morton"
"alba","134-U*66",2018,2018-05-10,"Quercus",130,41.8164,-88.0549,"Morton"
"alba","134-U*67",2018,2018-05-10,"Quercus",130,41.8164,-88.0549,"Morton"
"macrocarpa","138-U*4",2018,2018-05-10,"Quercus",130,41.8164,-88.0549,"Morton"
"macrocarpa","138-U*6",2018,2018-05-07,"Quercus",127,41.8164,-88.0549,"Morton"
"macrocarpa","138-U*7",2018,2018-05-12,"Quercus",132,41.8164,-88.0549,"Morton"
"palustris","139-U*3",2018,2018-05-11,"Quercus",131,41.8164,-88.0549,"Morton"
"montana","140-U*1",2018,2018-05-11,"Quercus",131,41.8164,-88.0549,"Morton"
"gambelii","145-75*1",2018,2018-05-09,"Quercus",129,41.8164,-88.0549,"Morton"
"gambelii","145-75*2",2018,2018-05-09,"Quercus",129,41.8164,-88.0549,"Morton"
"gambelii","145-75*8",2018,2018-05-09,"Quercus",129,41.8164,-88.0549,"Morton"
"imbricaria","1512-35*3",2018,2018-05-06,"Quercus",126,41.8164,-88.0549,"Morton"
"shumardii","1513-35*1",2018,2018-05-11,"Quercus",131,41.8164,-88.0549,"Morton"
"shumardii","1513-35*4",2018,2018-05-07,"Quercus",127,41.8164,-88.0549,"Morton"
"shumardii","1513-35*5",2018,2018-05-06,"Quercus",126,41.8164,-88.0549,"Morton"
"macrocarpa","1516-35*1",2018,2018-05-02,"Quercus",122,41.8164,-88.0549,"Morton"
"velutina","185-92*2",2018,2018-05-07,"Quercus",127,41.8164,-88.0549,"Morton"
"velutina","185-92*4",2018,2018-05-04,"Quercus",124,41.8164,-88.0549,"Morton"
"velutina","185-92*5",2018,2018-05-04,"Quercus",124,41.8164,-88.0549,"Morton"
"stellata","212-91*1",2018,2018-05-07,"Quercus",127,41.8164,-88.0549,"Morton"
"stellata","212-91*2",2018,2018-05-07,"Quercus",127,41.8164,-88.0549,"Morton"
"stellata","212-91*3",2018,2018-05-07,"Quercus",127,41.8164,-88.0549,"Morton"
"alba","239-42*2",2018,2018-05-09,"Quercus",129,41.8164,-88.0549,"Morton"
"macrocarpa","2390-26*1",2018,2018-05-10,"Quercus",130,41.8164,-88.0549,"Morton"
"macrocarpa","2390-26*2",2018,2018-06-12,"Quercus",163,41.8164,-88.0549,"Morton"
"montana","256-42*1",2018,2018-05-06,"Quercus",126,41.8164,-88.0549,"Morton"
"marilandica","258-95*1",2018,2018-05-07,"Quercus",127,41.8164,-88.0549,"Morton"
"ilicifolia","260-93*1",2018,2018-05-10,"Quercus",130,41.8164,-88.0549,"Morton"
"ilicifolia","260-93*2",2018,2018-05-10,"Quercus",130,41.8164,-88.0549,"Morton"
"macrocarpa","297-2002*1",2018,2018-05-10,"Quercus",130,41.8164,-88.0549,"Morton"
"alba","304-94*1",2018,2018-05-12,"Quercus",132,41.8164,-88.0549,"Morton"
"alba","304-94*2",2018,2018-05-06,"Quercus",126,41.8164,-88.0549,"Morton"
"marilandica","305-94*1",2018,2018-05-07,"Quercus",127,41.8164,-88.0549,"Morton"
"marilandica","305-94*2",2018,2018-05-04,"Quercus",124,41.8164,-88.0549,"Morton"
"marilandica","305-94*3",2018,2018-06-14,"Quercus",165,41.8164,-88.0549,"Morton"
"marilandica","305-94*4",2018,2018-06-14,"Quercus",165,41.8164,-88.0549,"Morton"
"rubra","354-37*1",2018,2018-05-02,"Quercus",122,41.8164,-88.0549,"Morton"
"marilandica","362-96*2",2018,2018-05-04,"Quercus",124,41.8164,-88.0549,"Morton"
"marilandica","362-96*7",2018,2018-05-06,"Quercus",126,41.8164,-88.0549,"Morton"
"marilandica","362-96*8",2018,2018-05-06,"Quercus",126,41.8164,-88.0549,"Morton"
"marilandica","362-96*9",2018,2018-05-12,"Quercus",132,41.8164,-88.0549,"Morton"
"macrocarpa","4-35*1",2018,2018-05-07,"Quercus",127,41.8164,-88.0549,"Morton"
"montana","465-37*1",2018,2018-05-02,"Quercus",122,41.8164,-88.0549,"Morton"
"velutina","50-2004*1",2018,2018-05-10,"Quercus",130,41.8164,-88.0549,"Morton"
"imbricaria","523-32*1",2018,2018-05-07,"Quercus",127,41.8164,-88.0549,"Morton"
"shumardii","540-96*2",2018,2018-05-10,"Quercus",130,41.8164,-88.0549,"Morton"
"shumardii","540-96*3",2018,2018-05-04,"Quercus",124,41.8164,-88.0549,"Morton"
"shumardii","540-96*4",2018,2018-05-04,"Quercus",124,41.8164,-88.0549,"Morton"
"gambelii","556-32*1",2018,2018-05-14,"Quercus",134,41.8164,-88.0549,"Morton"
"palustris","573-40*7",2018,2018-05-09,"Quercus",129,41.8164,-88.0549,"Morton"
"palustris","573-40*8",2018,2018-05-09,"Quercus",129,41.8164,-88.0549,"Morton"
"shumardii","575-40*2",2018,2018-05-11,"Quercus",131,41.8164,-88.0549,"Morton"
"montana","602-2000*1",2018,2018-05-11,"Quercus",131,41.8164,-88.0549,"Morton"
"montana","602-2000*2",2018,2018-05-11,"Quercus",131,41.8164,-88.0549,"Morton"
"montana","602-2000*3",2018,2018-05-11,"Quercus",131,41.8164,-88.0549,"Morton"
"montana","606-2000*2",2018,2018-05-10,"Quercus",130,41.8164,-88.0549,"Morton"
"montana","606-2000*3",2018,2018-05-10,"Quercus",130,41.8164,-88.0549,"Morton"
"montana","606-2000*4",2018,2018-05-10,"Quercus",130,41.8164,-88.0549,"Morton"
"rubra","64-92*1",2018,2018-05-10,"Quercus",130,41.8164,-88.0549,"Morton"
"montana","657-33*1",2018,2018-05-04,"Quercus",124,41.8164,-88.0549,"Morton"
"alba","684-33*1",2018,2018-06-04,"Quercus",155,41.8164,-88.0549,"Morton"
"macrocarpa","696-2006*4",2018,2018-05-11,"Quercus",131,41.8164,-88.0549,"Morton"
"macrocarpa","696-2006*7",2018,2018-05-09,"Quercus",129,41.8164,-88.0549,"Morton"
"macrocarpa","696-2006*8",2018,2018-05-09,"Quercus",129,41.8164,-88.0549,"Morton"
"macrocarpa","696-2006*9",2018,2018-05-09,"Quercus",129,41.8164,-88.0549,"Morton"
"macrocarpa","702-2006*1",2018,2018-05-09,"Quercus",129,41.8164,-88.0549,"Morton"
"macrocarpa","702-2006*2",2018,2018-05-09,"Quercus",129,41.8164,-88.0549,"Morton"
"macrocarpa","704-2006*1",2018,2018-05-09,"Quercus",129,41.8164,-88.0549,"Morton"
"macrocarpa","752-34*2",2018,2018-05-07,"Quercus",127,41.8164,-88.0549,"Morton"
"macrocarpa","752-34*4",2018,2018-05-07,"Quercus",127,41.8164,-88.0549,"Morton"
"macrocarpa","808-51*1",2018,2018-05-07,"Quercus",127,41.8164,-88.0549,"Morton"
"alba","862-34*1",2018,2018-05-02,"Quercus",122,41.8164,-88.0549,"Morton"
"macrocarpa","2390-26 *1",2018,2018-05-07,"Quercus",127,41.8164,-88.0549,"Morton"
"rubra","466-37*1",2018,2018-05-04,"Quercus",124,41.8164,-88.0549,"Morton"
"palustris","1038-65*1",2019,2019-04-29,"Quercus",119,41.8164,-88.0549,"Morton"
"marilandica","1134-2004*5",2019,2019-05-12,"Quercus",132,41.8164,-88.0549,"Morton"
"palustris","1164-22*5",2019,2019-05-06,"Quercus",126,41.8164,-88.0549,"Morton"
"palustris","1164-22*6",2019,2019-04-29,"Quercus",119,41.8164,-88.0549,"Morton"
"imbricaria","1183-2004*1",2019,2019-05-13,"Quercus",133,41.8164,-88.0549,"Morton"
"imbricaria","1183-2004*2",2019,2019-05-13,"Quercus",133,41.8164,-88.0549,"Morton"
"palustris","1186-2004*1",2019,2019-05-02,"Quercus",122,41.8164,-88.0549,"Morton"
"palustris","1186-2004*2",2019,2019-05-02,"Quercus",122,41.8164,-88.0549,"Morton"
"palustris","1186-2004*3",2019,2019-05-02,"Quercus",122,41.8164,-88.0549,"Morton"
"macrocarpa","1261-26*2",2019,2019-05-06,"Quercus",126,41.8164,-88.0549,"Morton"
"palustris","13-35*1",2019,2019-04-29,"Quercus",119,41.8164,-88.0549,"Morton"
"macrocarpa","132-2015*1",2019,2019-05-06,"Quercus",126,41.8164,-88.0549,"Morton"
"alba","134-U*6",2019,2019-04-29,"Quercus",119,41.8164,-88.0549,"Morton"
"alba","134-U*60",2019,2019-04-24,"Quercus",114,41.8164,-88.0549,"Morton"
"alba","134-U*61",2019,2019-04-24,"Quercus",114,41.8164,-88.0549,"Morton"
"alba","134-U*66",2019,2019-04-29,"Quercus",119,41.8164,-88.0549,"Morton"
"alba","134-U*67",2019,2019-05-08,"Quercus",128,41.8164,-88.0549,"Morton"
"macrocarpa","138-U*1",2019,2019-04-29,"Quercus",119,41.8164,-88.0549,"Morton"
"macrocarpa","138-U*4",2019,2019-04-22,"Quercus",112,41.8164,-88.0549,"Morton"
"macrocarpa","138-U*6",2019,2019-04-24,"Quercus",114,41.8164,-88.0549,"Morton"
"macrocarpa","138-U*7",2019,2019-05-06,"Quercus",126,41.8164,-88.0549,"Morton"
"palustris","139-U*3",2019,2019-04-29,"Quercus",119,41.8164,-88.0549,"Morton"
"montana","140-U*1",2019,2019-05-13,"Quercus",133,41.8164,-88.0549,"Morton"
"gambelii","145-75*1",2019,2019-04-29,"Quercus",119,41.8164,-88.0549,"Morton"
"gambelii","145-75*2",2019,2019-04-29,"Quercus",119,41.8164,-88.0549,"Morton"
"gambelii","145-75*8",2019,2019-04-29,"Quercus",119,41.8164,-88.0549,"Morton"
"palustris","1484-35*1",2019,2019-04-29,"Quercus",119,41.8164,-88.0549,"Morton"
"imbricaria","1512-35*2",2019,2019-05-06,"Quercus",126,41.8164,-88.0549,"Morton"
"imbricaria","1512-35*3",2019,2019-05-06,"Quercus",126,41.8164,-88.0549,"Morton"
"shumardii","1513-35*1",2019,2019-04-29,"Quercus",119,41.8164,-88.0549,"Morton"
"shumardii","1513-35*4",2019,2019-05-06,"Quercus",126,41.8164,-88.0549,"Morton"
"shumardii","1513-35*5",2019,2019-05-06,"Quercus",126,41.8164,-88.0549,"Morton"
"macrocarpa","1516-35*1",2019,2019-04-29,"Quercus",119,41.8164,-88.0549,"Morton"
"velutina","185-92*2",2019,2019-04-30,"Quercus",120,41.8164,-88.0549,"Morton"
"velutina","185-92*4",2019,2019-04-30,"Quercus",120,41.8164,-88.0549,"Morton"
"velutina","185-92*5",2019,2019-04-30,"Quercus",120,41.8164,-88.0549,"Morton"
"stellata","210-91*2",2019,2019-05-06,"Quercus",126,41.8164,-88.0549,"Morton"
"stellata","210-91*3",2019,2019-05-13,"Quercus",133,41.8164,-88.0549,"Morton"
"stellata","212-91*1",2019,2019-05-08,"Quercus",128,41.8164,-88.0549,"Morton"
"stellata","212-91*2",2019,2019-05-08,"Quercus",128,41.8164,-88.0549,"Morton"
"stellata","212-91*3",2019,2019-04-30,"Quercus",120,41.8164,-88.0549,"Morton"
"alba","239-42*2",2019,2019-04-29,"Quercus",119,41.8164,-88.0549,"Morton"
"macrocarpa","2390-26*1",2019,2019-04-29,"Quercus",119,41.8164,-88.0549,"Morton"
"macrocarpa","2390-26*2",2019,2019-04-29,"Quercus",119,41.8164,-88.0549,"Morton"
"montana","256-42*1",2019,2019-04-29,"Quercus",119,41.8164,-88.0549,"Morton"
"marilandica","258-95*1",2019,2019-05-06,"Quercus",126,41.8164,-88.0549,"Morton"
"ilicifolia","260-93*1",2019,2019-04-29,"Quercus",119,41.8164,-88.0549,"Morton"
"ilicifolia","260-93*2",2019,2019-04-29,"Quercus",119,41.8164,-88.0549,"Morton"
"macrocarpa","297-2002*1",2019,2019-04-29,"Quercus",119,41.8164,-88.0549,"Morton"
"alba","304-94*2",2019,2019-04-29,"Quercus",119,41.8164,-88.0549,"Morton"
"marilandica","305-94*1",2019,2019-04-30,"Quercus",120,41.8164,-88.0549,"Morton"
"marilandica","305-94*2",2019,2019-05-08,"Quercus",128,41.8164,-88.0549,"Morton"
"marilandica","305-94*3",2019,2019-05-08,"Quercus",128,41.8164,-88.0549,"Morton"
"marilandica","305-94*4",2019,2019-04-24,"Quercus",114,41.8164,-88.0549,"Morton"
"rubra","354-37*1",2019,2019-04-29,"Quercus",119,41.8164,-88.0549,"Morton"
"marilandica","362-96*2",2019,2019-04-30,"Quercus",120,41.8164,-88.0549,"Morton"
"marilandica","362-96*7",2019,2019-05-06,"Quercus",126,41.8164,-88.0549,"Morton"
"marilandica","362-96*8",2019,2019-05-06,"Quercus",126,41.8164,-88.0549,"Morton"
"marilandica","362-96*9",2019,2019-05-06,"Quercus",126,41.8164,-88.0549,"Morton"
"macrocarpa","4-35*1",2019,2019-04-24,"Quercus",114,41.8164,-88.0549,"Morton"
"montana","465-37*1",2019,2019-04-29,"Quercus",119,41.8164,-88.0549,"Morton"
"velutina","50-2004*1",2019,2019-04-29,"Quercus",119,41.8164,-88.0549,"Morton"
"imbricaria","523-32*1",2019,2019-05-08,"Quercus",128,41.8164,-88.0549,"Morton"
"shumardii","540-96*2",2019,2019-04-29,"Quercus",119,41.8164,-88.0549,"Morton"
"shumardii","540-96*3",2019,2019-04-30,"Quercus",120,41.8164,-88.0549,"Morton"
"shumardii","540-96*4",2019,2019-04-24,"Quercus",114,41.8164,-88.0549,"Morton"
"gambelii","556-32*1",2019,2019-05-01,"Quercus",121,41.8164,-88.0549,"Morton"
"palustris","573-40*7",2019,2019-04-23,"Quercus",113,41.8164,-88.0549,"Morton"
"palustris","573-40*8",2019,2019-04-23,"Quercus",113,41.8164,-88.0549,"Morton"
"shumardii","575-40*2",2019,2019-05-13,"Quercus",133,41.8164,-88.0549,"Morton"
"montana","602-2000*1",2019,2019-05-06,"Quercus",126,41.8164,-88.0549,"Morton"
"montana","602-2000*2",2019,2019-05-06,"Quercus",126,41.8164,-88.0549,"Morton"
"montana","602-2000*3",2019,2019-05-06,"Quercus",126,41.8164,-88.0549,"Morton"
"montana","606-2000*2",2019,2019-04-29,"Quercus",119,41.8164,-88.0549,"Morton"
"montana","606-2000*3",2019,2019-04-29,"Quercus",119,41.8164,-88.0549,"Morton"
"montana","606-2000*4",2019,2019-04-29,"Quercus",119,41.8164,-88.0549,"Morton"
"rubra","64-92*1",2019,2019-04-29,"Quercus",119,41.8164,-88.0549,"Morton"
"montana","657-33*1",2019,2019-04-30,"Quercus",120,41.8164,-88.0549,"Morton"
"alba","684-33*1",2019,2019-05-01,"Quercus",121,41.8164,-88.0549,"Morton"
"macrocarpa","696-2006*2",2019,2019-05-02,"Quercus",122,41.8164,-88.0549,"Morton"
"macrocarpa","696-2006*5",2019,2019-05-13,"Quercus",133,41.8164,-88.0549,"Morton"
"macrocarpa","696-2006*7",2019,2019-05-30,"Quercus",150,41.8164,-88.0549,"Morton"
"macrocarpa","696-2006*8",2019,2019-05-12,"Quercus",132,41.8164,-88.0549,"Morton"
"macrocarpa","696-2006*9",2019,2019-05-03,"Quercus",123,41.8164,-88.0549,"Morton"
"macrocarpa","702-2006*1",2019,2019-05-02,"Quercus",122,41.8164,-88.0549,"Morton"
"macrocarpa","702-2006*2",2019,2019-05-03,"Quercus",123,41.8164,-88.0549,"Morton"
"macrocarpa","704-2006*1",2019,2019-09-06,"Quercus",249,41.8164,-88.0549,"Morton"
"macrocarpa","752-34*2",2019,2019-05-06,"Quercus",126,41.8164,-88.0549,"Morton"
"macrocarpa","752-34*4",2019,2019-05-06,"Quercus",126,41.8164,-88.0549,"Morton"
"macrocarpa","808-51*1",2019,2019-04-24,"Quercus",114,41.8164,-88.0549,"Morton"
"alba","862-34*1",2019,2019-04-29,"Quercus",119,41.8164,-88.0549,"Morton"
