"species_name_acc","taxon_name","scientificName","taxonIdentificationNotes","database","all_source_databases","year","basisOfRecord","establishmentMeans","decimalLatitude","decimalLongitude","coordinateUncertaintyInMeters","geolocationNotes","localityDescription","county","stateProvince","countryCode_standard","datasetName","publisher","nativeDatabaseID","references","informationWithheld","issue","taxon_name_full","list","UID","country.name","country.iso_a2","country.iso_a3","country.continent",".cen",".urb",".inst",".con",".outl",".gtsnative",".rlnative",".rlintroduced",".yr1950",".yr1980"
"Quercus georgiana","Quercus georgiana","Quercus georgiana M.A.Curtis","James Lucas","GBIF","GBIF",2020,"HUMAN_OBSERVATION","UNKNOWN",33.984105,-84.000706,28902,NA,"| | | | Georgia | | US | PRESENT | Georgia, US",NA,"Georgia","USA","iNaturalist Research-grade Observations","iNaturalist.org","2856693478","https://www.inaturalist.org/observations/54288257","Coordinate uncertainty increased to 28902m to protect threatened taxon","COORDINATE_ROUNDED;GEODETIC_DATUM_ASSUMED_WGS84","Quercus georgiana","desiderata","imls04554787","United States of America","US","USA","North America",TRUE,FALSE,TRUE,TRUE,TRUE,TRUE,TRUE,NA,TRUE,TRUE
"Quercus georgiana","Quercus georgiana","Quercus georgiana M.A.Curtis","ecoxf","GBIF","GBIF",2020,"HUMAN_OBSERVATION","UNKNOWN",33.754712,-83.828227,28930,NA,"| | | | Georgia | | US | On granite outcrop | PRESENT | Georgia, US",NA,"Georgia","USA","iNaturalist Research-grade Observations","iNaturalist.org","2856753382","https://www.inaturalist.org/observations/47341590","Coordinate uncertainty increased to 28930m to protect threatened taxon","COORDINATE_ROUNDED;GEODETIC_DATUM_ASSUMED_WGS84","Quercus georgiana","desiderata","imls03948649","United States of America","US","USA","North America",TRUE,TRUE,TRUE,TRUE,TRUE,TRUE,TRUE,NA,TRUE,TRUE
"Quercus georgiana","Quercus georgiana","Quercus georgiana M.A.Curtis","stefanielcarter","GBIF","GBIF",2020,"HUMAN_OBSERVATION","UNKNOWN",33.606545,-83.975645,28930,NA,"| | | | Georgia | | US | PRESENT | Georgia, US",NA,"Georgia","USA","iNaturalist Research-grade Observations","iNaturalist.org","2856757397","https://www.inaturalist.org/observations/50800499","Coordinate uncertainty increased to 28930m at the request of the observer","COORDINATE_ROUNDED;GEODETIC_DATUM_ASSUMED_WGS84","Quercus georgiana","desiderata","imls04760833","United States of America","US","USA","North America",TRUE,TRUE,TRUE,TRUE,TRUE,TRUE,TRUE,NA,TRUE,TRUE
"Quercus georgiana","Quercus georgiana","Quercus georgiana M.A.Curtis","runcator","GBIF","GBIF",2019,"HUMAN_OBSERVATION","UNKNOWN",32.827737,-84.733471,29039,NA,"| | | | Georgia | | US | PRESENT | Georgia, US",NA,"Georgia","USA","iNaturalist Research-grade Observations","iNaturalist.org","2456563358","https://www.inaturalist.org/observations/35585920","Coordinate uncertainty increased to 29039m to protect threatened taxon","COORDINATE_ROUNDED;GEODETIC_DATUM_ASSUMED_WGS84","Quercus georgiana","desiderata","imls04635405","United States of America","US","USA","North America",TRUE,TRUE,TRUE,TRUE,TRUE,TRUE,TRUE,NA,TRUE,TRUE
"Quercus georgiana","Quercus georgiana","Quercus georgiana M.A.Curtis","Camden Davis","GBIF","GBIF",2019,"HUMAN_OBSERVATION","UNKNOWN",32.510617,-85.481493,29093,NA,"| | | | Alabama | | US | PRESENT | Alabama, US",NA,"Alabama","USA","iNaturalist Research-grade Observations","iNaturalist.org","2619911427","https://www.inaturalist.org/observations/27244063","Coordinate uncertainty increased to 29093m to protect threatened taxon","COORDINATE_ROUNDED;GEODETIC_DATUM_ASSUMED_WGS84","Quercus georgiana","desiderata","imls03930636","United States of America","US","USA","North America",TRUE,TRUE,TRUE,TRUE,TRUE,TRUE,TRUE,NA,TRUE,TRUE
"Quercus georgiana","Quercus georgiana","Quercus georgiana M.A.Curtis","jtuttle","GBIF","GBIF",2017,"HUMAN_OBSERVATION","UNKNOWN",33.680213,-84.025429,28930,NA,"| | | | Georgia | | US | PRESENT | Georgia, US",NA,"Georgia","USA","iNaturalist Research-grade Observations","iNaturalist.org","2574059785","https://www.inaturalist.org/observations/8218784","Coordinate uncertainty increased to 28930m to protect threatened taxon","COORDINATE_ROUNDED;GEODETIC_DATUM_ASSUMED_WGS84","Quercus georgiana","desiderata","imls04080576","United States of America","US","USA","North America",TRUE,FALSE,TRUE,TRUE,TRUE,TRUE,TRUE,NA,TRUE,TRUE
"Quercus georgiana","Quercus georgiana","Quercus georgiana M.A.Curtis","P. Thompson","GBIF","GBIF",2014,"PRESERVED_SPECIMEN","UNKNOWN",33.01556,-85.29028,NA,NA,"USA, Alabama: Chambers County, Granite outcrop 1.75 mi N of Penton, AL (intersection of AL Hwy 77 & Co Rd 114) on AL Hwy 77; E-side of road, 33.01561 -85.29053, [N33° 0' 56.196"" W85° 17' 25.908""], elevation 825 ft [251m]. | | | | | | US | PRESENT |",NA,NA,"USA","Natural History Museum, Vienna - Herbarium W","Natural History Museum, Vienna - Herbarium W","1701544868",NA,NA,NA,"Quercus georgiana","desiderata","imls05958284","United States of America","US","USA","North America",TRUE,TRUE,TRUE,TRUE,TRUE,TRUE,TRUE,NA,TRUE,TRUE
"Quercus georgiana","Quercus georgiana","Quercus georgiana M.A.Curtis","Ryan Russell (UMO)","GBIF","GBIF",2013,"PRESERVED_SPECIMEN","UNKNOWN",33.808056,-84.150833,NA,NA,"Specimen collected on Stone Mountain, Georgia, one of two endemic sites for Quercus georgiana. | | | De Kalb | Georgia | | US | PRESENT |","De Kalb","Georgia","USA","Tropicos Specimen Data","Missouri Botanical Garden","1258041233",NA,NA,"OCCURRENCE_STATUS_INFERRED_FROM_INDIVIDUAL_COUNT;COORDINATE_ROUNDED;GEODETIC_DATUM_ASSUMED_WGS84","Quercus georgiana","desiderata","imls04139506","United States of America","US","USA","North America",TRUE,FALSE,TRUE,TRUE,TRUE,TRUE,TRUE,NA,TRUE,TRUE
"Quercus georgiana","Quercus georgiana","Quercus georgiana M.A.Curtis","Charlie Hohn","GBIF","GBIF",2012,"HUMAN_OBSERVATION","UNKNOWN",33.745754,-84.040091,28930,NA,"| | | | Georgia | | US | PRESENT | Georgia, US",NA,"Georgia","USA","iNaturalist Research-grade Observations","iNaturalist.org","2242739190","https://www.inaturalist.org/observations/146597","Coordinate uncertainty increased to 28930m to protect threatened taxon","COORDINATE_ROUNDED;GEODETIC_DATUM_ASSUMED_WGS84","Quercus georgiana","desiderata","imls03948025","United States of America","US","USA","North America",TRUE,TRUE,TRUE,TRUE,TRUE,TRUE,TRUE,NA,TRUE,TRUE
"Quercus georgiana","Quercus georgiana","Quercus georgiana M.A.Curtis","Charlie Hohn","GBIF","GBIF",2012,"HUMAN_OBSERVATION","UNKNOWN",33.658686,-84.141274,28930,NA,"| | | | Georgia | | US | PRESENT | Georgia, US",NA,"Georgia","USA","iNaturalist Research-grade Observations","iNaturalist.org","2242739156","https://www.inaturalist.org/observations/146281","Coordinate uncertainty increased to 28930m to protect threatened taxon","COORDINATE_ROUNDED;GEODETIC_DATUM_ASSUMED_WGS84","Quercus georgiana","desiderata","imls05392538","United States of America","US","USA","North America",TRUE,TRUE,TRUE,TRUE,TRUE,TRUE,TRUE,NA,TRUE,TRUE
"Quercus georgiana","Quercus georgiana","Quercus georgiana M.A.Curtis","Doug Goldman","GBIF","GBIF",2011,"HUMAN_OBSERVATION","UNKNOWN",33.644648,-84.172287,28930,NA,"| | | | Georgia | | US | Thanks to Joel McNeal for bringing me to this site. | PRESENT | Georgia, US",NA,"Georgia","USA","iNaturalist Research-grade Observations","iNaturalist.org","2573901257","https://www.inaturalist.org/observations/35096174","Coordinate uncertainty increased to 28930m to protect threatened taxon","COORDINATE_ROUNDED;GEODETIC_DATUM_ASSUMED_WGS84","Quercus georgiana","desiderata","imls04636514","United States of America","US","USA","North America",TRUE,TRUE,TRUE,TRUE,TRUE,TRUE,TRUE,NA,TRUE,TRUE
"Quercus georgiana","Quercus georgiana","Quercus georgiana M.A.Curtis","Keith Kutsko","GBIF","GBIF",2010,"HUMAN_OBSERVATION","UNKNOWN",33.83952,-84.083532,28902,NA,"| | | | Georgia | | US | PRESENT | Georgia, US",NA,"Georgia","USA","iNaturalist Research-grade Observations","iNaturalist.org","2573900494","https://www.inaturalist.org/observations/38064183","Coordinate uncertainty increased to 28902m to protect threatened taxon","COORDINATE_ROUNDED;GEODETIC_DATUM_ASSUMED_WGS84","Quercus georgiana","desiderata","imls03919869","United States of America","US","USA","North America",TRUE,FALSE,TRUE,TRUE,TRUE,TRUE,TRUE,NA,TRUE,TRUE
"Quercus georgiana","Quercus georgiana","Quercus georgiana M.A.Curtis",NA,"GBIF","GBIF",1995,"PRESERVED_SPECIMEN","UNKNOWN",43.255001,-2.156,NA,NA,"Aia. Aia ; Arboreto de Iturraran | | | | Ss | | ES | PRESENT |",NA,"Ss","ESP","Aranzadi Zientzi Elkartea","Aranzadi Science Society","204434573",NA,NA,"COORDINATE_ROUNDED;GEODETIC_DATUM_ASSUMED_WGS84;COORDINATE_PRECISION_INVALID","Quercus georgiana","desiderata","imls04399281","Spain","ES","ESP","Europe",TRUE,TRUE,TRUE,TRUE,FALSE,FALSE,FALSE,NA,TRUE,TRUE
"Quercus georgiana","Quercus georgiana","Quercus georgiana M.A.Curtis",NA,"GBIF","GBIF",1912,"PRESERVED_SPECIMEN","UNKNOWN",33.71233,-84.105194,1047,"2019-08-19 | GEOLocate Web Application | GEOLocate (Tulane University Museum of Natural History)","Lithonia | | | Dekalb Co. | Georgia | | US | PRESENT |","Dekalb Co.","Georgia","USA","The New York Botanical Garden Herbarium (NY)","The New York Botanical Garden","1930116754","http://sweetgum.nybg.org/science/vh/specimen_details.php?irn=1720065",NA,NA,"Quercus georgiana","desiderata","imls04871990","United States of America","US","USA","North America",TRUE,FALSE,TRUE,TRUE,TRUE,TRUE,TRUE,NA,FALSE,FALSE
"Quercus georgiana","Quercus georgiana","Quercus georgiana M.A.Curtis",NA,"GBIF","GBIF",1899,"PRESERVED_SPECIMEN","UNKNOWN",33.80611,-84.14583,5000,"2006. Google Earth. © Google Earth.","Stone Mountain | Stone Mountain | | Dekalb County | Georgia | | US | Rocky riverbanks | PRESENT | Yellow River, near Stone Mountain","Dekalb County","Georgia","USA","CONN","University of Connecticut","415898996",NA,NA,"GEODETIC_DATUM_ASSUMED_WGS84","Quercus georgiana","desiderata","imls05886685","United States of America","US","USA","North America",TRUE,FALSE,TRUE,TRUE,TRUE,TRUE,TRUE,NA,FALSE,FALSE
"Quercus georgiana","Quercus georgiana","Quercus georgiana M.A.Curtis",NA,"GBIF","GBIF",1899,"PRESERVED_SPECIMEN","UNKNOWN",33.8123,-84.07588,NA,NA,"| | | | Georgia | | US | PRESENT | United States. Rocky banks of Yellow River, near Stone Mt. Georgia.",NA,"Georgia","USA","The vascular plants collection (P) at the Herbarium of the Muséum national d'Histoire Naturelle (MNHN - Paris)","MNHN - Museum national d'Histoire naturelle","731714690",NA,NA,"GEODETIC_DATUM_ASSUMED_WGS84","Quercus georgiana","desiderata","imls04520326","United States of America","US","USA","North America",TRUE,FALSE,TRUE,TRUE,TRUE,TRUE,TRUE,NA,FALSE,FALSE
"Quercus georgiana","Quercus georgiana","Quercus georgiana M.A.Curtis",NA,"GBIF","GBIF",1899,"PRESERVED_SPECIMEN","UNKNOWN",33.80561,-84.14918,NA,NA,"| | | | Georgia | | US | PRESENT | Rocky banks of Yellow River, near Stone Mt., Georgia.",NA,"Georgia","USA","The vascular plants collection (P) at the Herbarium of the Muséum national d'Histoire Naturelle (MNHN - Paris)","MNHN - Museum national d'Histoire naturelle","731714693",NA,NA,"GEODETIC_DATUM_ASSUMED_WGS84","Quercus georgiana","desiderata","imls05166559","United States of America","US","USA","North America",TRUE,FALSE,TRUE,TRUE,TRUE,TRUE,TRUE,NA,FALSE,FALSE
"Quercus georgiana","Quercus georgiana","Quercus georgiana M.A.Curtis",NA,"GBIF","GBIF,iDigBio",1897,"PRESERVED_SPECIMEN","UNKNOWN",33.80816,-84.1702,NA,NA,"| | | | Georgia | | US | PRESENT | Stone Mountain, Georgia.",NA,"Georgia","USA","The vascular plants collection (P) at the Herbarium of the Muséum national d'Histoire Naturelle (MNHN - Paris)","MNHN - Museum national d'Histoire naturelle","731730461",NA,NA,"GEODETIC_DATUM_ASSUMED_WGS84","Quercus georgiana","desiderata","imls05964682","United States of America","US","USA","North America",TRUE,FALSE,TRUE,TRUE,TRUE,TRUE,TRUE,NA,FALSE,FALSE
"Quercus georgiana","Quercus georgiana","Quercus georgiana M.A.Curtis",NA,"GBIF","GBIF",1896,"PRESERVED_SPECIMEN","UNKNOWN",33.802741,-84.172084,1543,"2019-08-21 | GEOLocate Web Application | GEOLocate (Tulane University Museum of Natural History)","| Stone Mountain | | | Georgia | | US | PRESENT |",NA,"Georgia","USA","The New York Botanical Garden Herbarium (NY)","The New York Botanical Garden","1930866126","http://sweetgum.nybg.org/science/vh/specimen_details.php?irn=1720048",NA,NA,"Quercus georgiana","desiderata","imls05871264","United States of America","US","USA","North America",TRUE,FALSE,TRUE,TRUE,TRUE,TRUE,TRUE,NA,FALSE,FALSE
"Quercus georgiana","Quercus georgiana","Quercus georgiana M.A.Curtis","Unspecified Determiner","GBIF","GBIF",NA,"PRESERVED_SPECIMEN","UNKNOWN",33.8056,-84.1453,NA,"2007-08-13 | Google Earth","Stone Mountain. | | | DeKalb Co. | Georgia | | US | PRESENT |","DeKalb Co.","Georgia","USA","The New York Botanical Garden Herbarium (NY)","The New York Botanical Garden","1928534889","http://sweetgum.nybg.org/science/vh/specimen_details.php?irn=588128",NA,NA,"Quercus georgiana","desiderata","imls03725059","United States of America","US","USA","North America",TRUE,FALSE,TRUE,TRUE,TRUE,TRUE,TRUE,NA,TRUE,TRUE
"Quercus georgiana","Quercus georgiana","quercus georgiana",NA,"iDigBio","iDigBio",2017,"PRESERVED_SPECIMEN","UNKNOWN",33.766666747,-84.283333328,NA,NA,"decatur cemetery | | | dekalb county | georgia | united states | usa | |","dekalb county","georgia","USA","geo",NA,"a28148a5-310e-4eaf-965b-87791223faca","4ba964aa-da73-4e52-a979-0d31bd0b88ee",NA,NA,"Quercus georgiana","desiderata","imls06144252","United States of America","US","USA","North America",TRUE,FALSE,TRUE,TRUE,TRUE,TRUE,TRUE,NA,TRUE,TRUE
"Quercus georgiana","Quercus georgiana","quercus georgiana",NA,"iDigBio","iDigBio",2015,"PRESERVED_SPECIMEN","UNKNOWN",33.6612833,-84.1165333,NA,NA,"arabia mountain | | | dekalb county | georgia | united states | usa | |","dekalb county","georgia","USA","geo",NA,"9f4660f2-5491-4b5f-988e-923faa703e21","3d1da588-37a9-41fa-8842-bc4051a851f7",NA,NA,"Quercus georgiana","desiderata","imls06144249","United States of America","US","USA","North America",TRUE,TRUE,TRUE,TRUE,TRUE,TRUE,TRUE,NA,TRUE,TRUE
"Quercus georgiana","Quercus georgiana","quercus georgiana",NA,"iDigBio","iDigBio",2012,"PRESERVED_SPECIMEN","UNKNOWN",39.936489,-89.800685,191,NA,"starhill forest arboretum | | | menard | illinois | united states | usa | |","menard","illinois","USA","mor",NA,"44566f0b-250f-499b-a13c-64c3a5cfa6d8","de1f5029-58e4-47e5-aca2-21d0936769ea",NA,NA,"Quercus georgiana","desiderata","imls06144177","United States of America","US","USA","North America",TRUE,TRUE,TRUE,TRUE,FALSE,TRUE,TRUE,NA,TRUE,TRUE
"Quercus georgiana","Quercus georgiana","quercus georgiana",NA,"iDigBio","iDigBio",2012,"PRESERVED_SPECIMEN","UNKNOWN",39.934828,-89.802094,NA,NA,"starhill forest arboretum, petersburg, il; compartment #: a lot #: 2. north 39° 56.1'/west 89° 48.1'. | | | menard | illinois | united states | usa | |","menard","illinois","USA","mor",NA,"75023984-4c26-4ae8-9578-85ad18e7c8e6","3839f0e6-2cc5-4726-8797-29367a9a428f",NA,NA,"Quercus georgiana","desiderata","imls06144223","United States of America","US","USA","North America",TRUE,TRUE,TRUE,TRUE,FALSE,TRUE,TRUE,NA,TRUE,TRUE
"Quercus georgiana","Quercus georgiana","quercus georgiana",NA,"iDigBio","iDigBio",2007,"PRESERVED_SPECIMEN","UNKNOWN",33.00375,-84.3162667,NA,NA,"ca. 2.5 mi sse rose hill, indian grave mountain, e hwy us 19, vic. the church at grace hill, hollow along shattuck branch; elev. ca. 965 ft | | | pike | georgia | united states | usa | |","pike","georgia","USA","vsc",NA,"6405eb08-794c-44f5-b7fd-24ea9571b594","urn:uuid:6b0f4234-4970-4485-bc43-fb264732e16e",NA,NA,"Quercus georgiana","desiderata","imls06144208","United States of America","US","USA","North America",TRUE,TRUE,TRUE,TRUE,TRUE,TRUE,TRUE,NA,TRUE,TRUE
"Quercus georgiana","Quercus georgiana","quercus georgiana",NA,"iDigBio","iDigBio",NA,"PRESERVED_SPECIMEN","UNKNOWN",33.5550182076,-83.8504230395,NA,NA,"small, somewhat scrubby tree;granitic rock outcrop, albert strickland farm, dialtown community, gum creek rd., near oxford. | | | newton | georgia | united states | usa | |","newton","georgia","USA","ttrs",NA,"677fd9c1-2a6d-47e2-b89b-b179e70f4860","urn:uuid:f79a60ef-87f3-467d-82d5-45d95d608aa4",NA,NA,"Quercus georgiana","desiderata","imls06144213","United States of America","US","USA","North America",TRUE,TRUE,TRUE,TRUE,TRUE,TRUE,TRUE,NA,TRUE,TRUE
"Quercus georgiana","Quercus georgiana",NA,NA,"BISON","BISON",NA,"PRESERVED_SPECIMEN","UNKNOWN",32.7315483093262,-84.9124298095703,NA,NA,NA,NA,NA,NA,"BISON",NA,"2069328447",NA,NA,NA,"Quercus georgiana","desiderata","imls00073176","United States of America","US","USA","North America",TRUE,TRUE,TRUE,TRUE,TRUE,TRUE,TRUE,NA,TRUE,TRUE
"Quercus georgiana","Quercus georgiana",NA,NA,"BISON","BISON",NA,"PRESERVED_SPECIMEN","UNKNOWN",33.352897644043,-84.7621383666992,NA,NA,NA,NA,NA,NA,"BISON",NA,"2069370384",NA,NA,NA,"Quercus georgiana","desiderata","imls00073177","United States of America","US","USA","North America",TRUE,TRUE,TRUE,TRUE,TRUE,TRUE,TRUE,NA,TRUE,TRUE
"Quercus georgiana","Quercus georgiana",NA,NA,"BISON","BISON",NA,"PRESERVED_SPECIMEN","UNKNOWN",32.8818359375,-84.2922821044922,NA,NA,NA,NA,NA,NA,"BISON",NA,"2069520317",NA,NA,NA,"Quercus georgiana","desiderata","imls00073178","United States of America","US","USA","North America",TRUE,TRUE,TRUE,TRUE,TRUE,TRUE,TRUE,NA,TRUE,TRUE
"Quercus georgiana","Quercus georgiana",NA,NA,"BISON","BISON",NA,"PRESERVED_SPECIMEN","UNKNOWN",33.7706604003906,-84.2263412475586,NA,NA,NA,NA,NA,NA,"BISON",NA,"2069543680",NA,NA,NA,"Quercus georgiana","desiderata","imls00073179","United States of America","US","USA","North America",TRUE,FALSE,TRUE,TRUE,TRUE,TRUE,TRUE,NA,TRUE,TRUE
"Quercus georgiana","Quercus georgiana",NA,NA,"BISON","BISON",NA,"PRESERVED_SPECIMEN","UNKNOWN",33.5440444946289,-83.8551864624023,NA,NA,NA,NA,NA,NA,"BISON",NA,"2069671965",NA,NA,NA,"Quercus georgiana","desiderata","imls00073180","United States of America","US","USA","North America",TRUE,TRUE,TRUE,TRUE,TRUE,TRUE,TRUE,NA,TRUE,TRUE
"Quercus georgiana","Quercus georgiana",NA,NA,"BISON","BISON",NA,"PRESERVED_SPECIMEN","UNKNOWN",33.7826499938965,-83.7342147827148,NA,NA,NA,NA,NA,NA,"BISON",NA,"2069731969",NA,NA,NA,"Quercus georgiana","desiderata","imls00073181","United States of America","US","USA","North America",TRUE,TRUE,TRUE,TRUE,TRUE,TRUE,TRUE,NA,TRUE,TRUE
"Quercus georgiana","Quercus georgiana",NA,NA,"BISON","BISON",NA,"PRESERVED_SPECIMEN","UNKNOWN",33.9920082092285,-83.7123031616211,NA,NA,NA,NA,NA,NA,"BISON",NA,"2069743211",NA,NA,NA,"Quercus georgiana","desiderata","imls00073182","United States of America","US","USA","North America",TRUE,FALSE,TRUE,TRUE,TRUE,TRUE,TRUE,NA,TRUE,TRUE
"Quercus georgiana","Quercus georgiana",NA,NA,"BISON","BISON",NA,"PRESERVED_SPECIMEN","UNKNOWN",33.5534439086914,-86.8965377807617,NA,NA,NA,NA,NA,NA,"BISON",NA,"2068867209",NA,NA,NA,"Quercus georgiana","desiderata","imls00073183","United States of America","US","USA","North America",TRUE,FALSE,TRUE,TRUE,TRUE,TRUE,TRUE,NA,TRUE,TRUE
"Quercus georgiana","Quercus georgiana",NA,NA,"BISON","BISON",NA,"PRESERVED_SPECIMEN","UNKNOWN",35.4027481079102,-81.9195861816406,NA,NA,NA,NA,NA,NA,"BISON",NA,"2070279719",NA,NA,NA,"Quercus georgiana","desiderata","imls00073184","United States of America","US","USA","North America",TRUE,TRUE,TRUE,TRUE,TRUE,TRUE,TRUE,NA,TRUE,TRUE
