"Species","Common.Name","Subgenus","Section","IMLS.Occurrence","Wild.Origin","Garden.Origin","Geographic.Distribution"
"Quercus alba","White oak","Quercus","Quercus","alba",2,3,"Eastern USA and Canada"
"Quercus bicolor","Swamp White Oak","Quercus","Quercus","bicolor",5,1,"Eastern USA and Canada"
"Quercus buckleyi","Buckley's Oak","Quercus","Lobatae","buckleyi",1,0,"USA in Texas, Kansas, Oklahoma"
"Quercus coccinea","Scarlet Oak","Quercus","Lobatae","coccinea",3,0,"Eastern USA"
"Quercus ellipsoidalis","Hill's Oak or Northern pin oak","Quercus","Lobatae","ellipsoidalis",6,0,"Great Lakes/North Central USA and Canada"
"Quercus fusiformis","Texas Live Oak","Quercus","Virentes","fusiformis",1,0,"OK and TX, and Mexican states Coahuila, Tamaulipas, and Nuevo Leon"
"Quercus gambelii","Gambel's Oak","Quercus","Quercus","gambellii",3,1,"Southwestern USA and Northwestern Mexico"
"Quercus georgiana","Georgia Oak","Quercus","Lobatae","georgiana",4,0,"NC, SC, GA, AL in USA"
"Quercus ilicifolia","Bear Oak","Quercus","Lobatae","illicifolia",2,0,"Northeastern USA and Southeastern Canada"
"Quercus imbricaria","Shingle Oak","Quercus","Lobatae","imbricaria",2,3,"Eastern USA"
"Quercus laurifolia","Swamp Laurel Oak","Quercus","Lobatae","laurifolia",0,1,"Southeastern and South-central USA"
"Quercus lyrata","Overcup Oak","Quercus","Quercus","lyrata",3,0,"Southern and Central USA"
"Quercus macrocarpa","Bur Oak","Quercus","Quercus","macrocarpa",11,9,"Central and Eastern USA and Canada"
"Quercus marilandica","Blackjack Oak","Quercus","Lobatae","marilandica",10,0,"Central and Eastern USA"
"Quercus michauxii","Swamp Chestnut Oak","Quercus","Quercus","michauxii",2,1,"Southeastern USA and some midwest states"
"Quercus montana","Chestnut Oak","Quercus","Quercus","montana",6,3,"Eastern USA"
"Quercus muehlenbergii","Chinkapin Oak","Quercus","Quercus","muehlenbergii",8,1,"Eastern USA, Southeastern Canada, Northern Mexico"
"Quercus pagoda","Cherry-barked Oak","Quercus","Lobatae","pagoda",2,0,"Southeastern USA but disjunct"
"Quercus palustris","Pin Oak","Quercus","Lobatae","palustris",5,5,"Northeastern USA and Southeastern Canada"
"Quercus phellos","Willow Oak","Quercus","Lobatae","phellos",0,1,"Southern USA"
"Quercus prinoides","Dwarf Chinkapin Oak","Quercus","Quercus","prinoides",12,0,"Eastern and Central USA and Southeastern Canada"
"Quercus rubra","Northern Red Oak","Quercus","Lobatae","rubra",1,2,"Eastern USA and Canada"
"Quercus shumardii","Shumard's Oak","Quercus","Lobatae","shumardii",4,3,"Southeastern Canada and Eastern USA (But mostly in southeastern USA)"
"Quercus stellata","Post Oak","Quercus","Quercus","stellata",5,0,"Eastern USA (Especially Southeastern)"
"Quercus velutina","Black Oak","Quercus","Lobatae","velutina",4,0,"Eastern USA and Canada"
